{"cameraMode":{"drawMode":0,"name":"Shaded","section":"Shading Mode"},"sceneLighting":false,"audioPlay":false,"sceneViewState":{"m_AlwaysRefresh":false,"showFog":true,"showSkybox":false,"showFlares":true,"showImageEffects":true,"showParticleSystems":true,"showVisualEffectGraphs":true,"m_FxEnabled":true},"in2DMode":false,"pivot":{"x":-1.2030706405639649,"y":-6.689065933227539,"z":-1.9719533920288087},"rotation":{"x":0.07894594967365265,"y":0.10833991318941117,"z":-0.008631750009953976,"w":0.9909387826919556},"size":4.359825611114502,"orthographic":true}