{"cameraMode":{"drawMode":0,"name":"Shaded","section":"Shading Mode"},"sceneLighting":false,"audioPlay":false,"sceneViewState":{"m_AlwaysRefresh":false,"showFog":true,"showSkybox":false,"showFlares":true,"showImageEffects":true,"showParticleSystems":true,"showVisualEffectGraphs":true,"m_FxEnabled":true},"in2DMode":false,"pivot":{"x":0.8014599084854126,"y":-6.634256839752197,"z":0.389095664024353},"rotation":{"x":0.000012597305612871423,"y":-0.7069354057312012,"z":-2.6463112590136009e-7,"w":0.7072782516479492},"size":4.24221134185791,"orthographic":true}