{"cameraMode":{"drawMode":0,"name":"Shaded","section":"Shading Mode"},"sceneLighting":true,"audioPlay":false,"sceneViewState":{"m_AlwaysRefresh":false,"showFog":true,"showSkybox":true,"showFlares":true,"showImageEffects":true,"showParticleSystems":true,"showVisualEffectGraphs":true,"m_FxEnabled":true},"in2DMode":false,"pivot":{"x":19.835268020629884,"y":8.33871841430664,"z":30.05563735961914},"rotation":{"x":0.18623913824558259,"y":0.04125179722905159,"z":-0.007826844230294228,"w":0.9816079139709473},"size":22.77967643737793,"orthographic":false}