{"cameraMode":{"drawMode":0,"name":"Shaded","section":"Shading Mode"},"sceneLighting":true,"audioPlay":false,"sceneViewState":{"m_AlwaysRefresh":false,"showFog":true,"showSkybox":true,"showFlares":true,"showImageEffects":true,"showParticleSystems":true,"showVisualEffectGraphs":true,"m_FxEnabled":true},"in2DMode":false,"pivot":{"x":13.995779037475586,"y":-6.8151350021362309,"z":20.091238021850587},"rotation":{"x":-0.21071694791316987,"y":-0.396229088306427,"z":0.09394946694374085,"w":-0.8886921405792236},"size":14.830857276916504,"orthographic":false}