{"cameraMode":{"drawMode":0,"name":"Shaded","section":"Shading Mode"},"sceneLighting":false,"audioPlay":false,"sceneViewState":{"m_AlwaysRefresh":false,"showFog":true,"showSkybox":false,"showFlares":true,"showImageEffects":true,"showParticleSystems":true,"showVisualEffectGraphs":true,"m_FxEnabled":true},"in2DMode":false,"pivot":{"x":0.05696463584899902,"y":1.0806758403778077,"z":-2.4064435958862306},"rotation":{"x":-0.0018515504198148847,"y":0.9976340532302856,"z":-0.06233169138431549,"w":-0.029642101377248765},"size":5.772213935852051,"orthographic":true}