{"cameraMode":{"drawMode":0,"name":"Shaded","section":"Shading Mode"},"sceneLighting":false,"audioPlay":false,"sceneViewState":{"m_AlwaysRefresh":false,"showFog":true,"showSkybox":false,"showFlares":true,"showImageEffects":true,"showParticleSystems":true,"showVisualEffectGraphs":true,"m_FxEnabled":true},"in2DMode":false,"pivot":{"x":-0.0732882022857666,"y":0.9548335075378418,"z":-2.483755588531494},"rotation":{"x":0.043383605778217319,"y":0.9465792775154114,"z":-0.14393305778503419,"w":0.28535741567611697},"size":5.549689769744873,"orthographic":true}