{"cameraMode":{"drawMode":0,"name":"Shaded","section":"Shading Mode"},"sceneLighting":false,"audioPlay":false,"sceneViewState":{"m_AlwaysRefresh":false,"showFog":true,"showSkybox":false,"showFlares":true,"showImageEffects":true,"showParticleSystems":true,"showVisualEffectGraphs":true,"m_FxEnabled":true},"in2DMode":false,"pivot":{"x":0.03517812490463257,"y":3.3122031688690187,"z":-2.9261317253112795},"rotation":{"x":0.02322268858551979,"y":0.9750563502311707,"z":-0.18287356197834016,"w":0.12380419671535492},"size":5.233101844787598,"orthographic":true}