{"cameraMode":{"drawMode":0,"name":"Shaded","section":"Shading Mode"},"sceneLighting":false,"audioPlay":false,"sceneViewState":{"m_AlwaysRefresh":false,"showFog":true,"showSkybox":false,"showFlares":true,"showImageEffects":true,"showParticleSystems":true,"showVisualEffectGraphs":true,"m_FxEnabled":true},"in2DMode":false,"pivot":{"x":-0.27111053466796877,"y":-4.924154758453369,"z":1.7353754043579102},"rotation":{"x":0.1494864672422409,"y":0.13598689436912538,"z":-0.020761283114552499,"w":0.9791487455368042},"size":4.811890125274658,"orthographic":false}