{"cameraMode":{"drawMode":0,"name":"Shaded","section":"Shading Mode"},"sceneLighting":false,"audioPlay":false,"sceneViewState":{"m_AlwaysRefresh":false,"showFog":true,"showSkybox":false,"showFlares":true,"showImageEffects":true,"showParticleSystems":true,"showVisualEffectGraphs":true,"m_FxEnabled":true},"in2DMode":false,"pivot":{"x":0.6033673286437988,"y":0.4256629943847656,"z":-2.0504655838012697},"rotation":{"x":0.018845945596694948,"y":0.9605549573898315,"z":-0.0672522485256195,"w":0.2692539393901825},"size":3.5306155681610109,"orthographic":true}