{"cameraMode":{"drawMode":0,"name":"Shaded","section":"Shading Mode"},"sceneLighting":false,"audioPlay":false,"sceneViewState":{"m_AlwaysRefresh":false,"showFog":true,"showSkybox":false,"showFlares":true,"showImageEffects":true,"showParticleSystems":true,"showVisualEffectGraphs":true,"m_FxEnabled":true},"in2DMode":false,"pivot":{"x":-0.7661051750183106,"y":-4.895901203155518,"z":-0.08460330963134766},"rotation":{"x":-0.061927009373903278,"y":0.0658252090215683,"z":0.004093213938176632,"w":0.9959017634391785},"size":2.8714590072631838,"orthographic":true}