{"cameraMode":{"drawMode":0,"name":"Shaded","section":"Shading Mode"},"sceneLighting":false,"audioPlay":false,"sceneViewState":{"m_AlwaysRefresh":false,"showFog":true,"showSkybox":false,"showFlares":true,"showImageEffects":true,"showParticleSystems":true,"showVisualEffectGraphs":true,"m_FxEnabled":true},"in2DMode":false,"pivot":{"x":-0.2274690866470337,"y":-4.711443901062012,"z":0.26815271377563479},"rotation":{"x":0.005800886079668999,"y":-0.9941694736480713,"z":0.08010222017765045,"w":0.07200004160404206},"size":2.9433090686798097,"orthographic":true}