{"cameraMode":{"drawMode":0,"name":"Shaded","section":"Shading Mode"},"sceneLighting":false,"audioPlay":false,"sceneViewState":{"m_AlwaysRefresh":false,"showFog":true,"showSkybox":false,"showFlares":true,"showImageEffects":true,"showParticleSystems":true,"showVisualEffectGraphs":true,"m_FxEnabled":true},"in2DMode":false,"pivot":{"x":-0.2634928822517395,"y":-4.505506992340088,"z":0.06972646713256836},"rotation":{"x":0.13851949572563172,"y":-0.16701564192771913,"z":0.023706547915935518,"w":0.975888192653656},"size":2.36186146736145,"orthographic":false}