{"cameraMode":{"drawMode":0,"name":"Shaded","section":"Shading Mode"},"sceneLighting":false,"audioPlay":false,"sceneViewState":{"m_AlwaysRefresh":false,"showFog":true,"showSkybox":false,"showFlares":true,"showImageEffects":true,"showParticleSystems":true,"showVisualEffectGraphs":true,"m_FxEnabled":true},"in2DMode":false,"pivot":{"x":0.48480328917503359,"y":-4.555638313293457,"z":-2.6952500343322756},"rotation":{"x":0.02249518781900406,"y":-0.016495099291205407,"z":0.00037119921762496233,"w":0.9996118545532227},"size":6.155470848083496,"orthographic":true}