{"cameraMode":{"drawMode":0,"name":"Shaded","section":"Shading Mode"},"sceneLighting":false,"audioPlay":false,"sceneViewState":{"m_AlwaysRefresh":false,"showFog":true,"showSkybox":false,"showFlares":true,"showImageEffects":true,"showParticleSystems":true,"showVisualEffectGraphs":true,"m_FxEnabled":true},"in2DMode":false,"pivot":{"x":1.2299046516418458,"y":-4.736298084259033,"z":0.46609026193618777},"rotation":{"x":0.037056464701890948,"y":-0.8750552535057068,"z":0.06786293536424637,"w":0.4778129458427429},"size":2.4659817218780519,"orthographic":true}