{"cameraMode":{"drawMode":0,"name":"Shaded","section":"Shading Mode"},"sceneLighting":false,"audioPlay":false,"sceneViewState":{"m_AlwaysRefresh":false,"showFog":true,"showSkybox":false,"showFlares":true,"showImageEffects":true,"showParticleSystems":true,"showVisualEffectGraphs":true,"m_FxEnabled":true},"in2DMode":false,"pivot":{"x":20.556692123413087,"y":24.83672332763672,"z":-29.261512756347658},"rotation":{"x":0.6464312076568604,"y":-0.002288855379447341,"z":0.0019396005664020777,"w":0.7629706859588623},"size":44.480796813964847,"orthographic":false}