{"cameraMode":{"drawMode":0,"name":"Shaded","section":"Shading Mode"},"sceneLighting":false,"audioPlay":false,"sceneViewState":{"m_AlwaysRefresh":false,"showFog":true,"showSkybox":false,"showFlares":true,"showImageEffects":true,"showParticleSystems":true,"showVisualEffectGraphs":true,"m_FxEnabled":true},"in2DMode":false,"pivot":{"x":0.7808843851089478,"y":-6.321374416351318,"z":-0.3175869882106781},"rotation":{"x":-0.022077547386288644,"y":-0.9753541350364685,"z":-0.11523517221212387,"w":0.18686863780021668},"size":3.5445499420166017,"orthographic":true}