{"cameraMode":{"drawMode":0,"name":"Shaded","section":"Shading Mode"},"sceneLighting":false,"audioPlay":false,"sceneViewState":{"m_AlwaysRefresh":false,"showFog":true,"showSkybox":false,"showFlares":true,"showImageEffects":true,"showParticleSystems":true,"showVisualEffectGraphs":true,"m_FxEnabled":true},"in2DMode":false,"pivot":{"x":-1.2642607688903809,"y":-8.481231689453125,"z":2.1257944107055666},"rotation":{"x":0.15123213827610017,"y":0.18272694945335389,"z":-0.028458351269364358,"w":0.9710476398468018},"size":6.196596145629883,"orthographic":false}